symbol,base_coin,quote_coin,project_name
1INCHBTC,1INCH,BTC,1inch
1INCHUSDT,1INCH,USDT,1inch
AAVEBTC,AAVE,BTC,Aave
AAVEETH,AAVE,ETH,Aave
AAVEUSDT,AAVE,USDT,Aave
ACABTC,ACA,BTC,Acala Network
ACATRY,ACA,TRY,Acala Network
ACAUSDT,ACA,USDT,Acala Network
ACHBTC,ACH,BTC,Alchemy Pay
ACHTRY,ACH,TRY,Alchemy Pay
ACHUSDT,ACH,USDT,Alchemy Pay
ACMUSDT,ACM,USDT,Alicius Muskimus
ADABNB,ADA,BNB,Cardano
ADABRL,AD,ABRL,Agent DORA
ADABTC,ADA,BTC,Cardano
ADAETH,ADA,ETH,Cardano
ADAEUR,ADA,EUR,Cardano
ADAFDUSD,ADA,FDUSD,Cardano
ADATRY,ADA,TRY,Cardano
ADAUSDC,ADA,USDC,Cardano
ADAUSDT,ADA,USDT,Cardano
ADXBTC,ADX,BTC,AnyDex
ADXETH,ADX,ETH,AnyDex
ADXUSDT,ADX,USDT,AnyDex
AGLDBTC,AGLD,BTC,Adventure Gold
AGLDUSDT,AGLD,USDT,Adventure Gold
ALCXUSDT,ALCX,USDT,Alchemix
ALGOBTC,ALGO,BTC,Algorand
ALGOTRY,ALGO,TRY,Algorand
ALGOUSDC,ALGO,USDC,Algorand
ALGOUSDT,ALGO,USDT,Algorand
ALICETRY,ALICE,TRY,My Neighbor Alice
ALICEUSDT,ALICE,USDT,My Neighbor Alice
ALPACAUSDT,ALPACA,USDT,Alpaca Finance
ALPHAUSDT,ALPHA,USDT,Alpha Shards
ALPINETRY,ALPINE,TRY,Alpine F1 Team Fan Token
ALPINEUSDT,ALPINE,USDT,Alpine F1 Team Fan Token
AMPTRY,AMP,TRY,Amp
AMPUSDT,AMP,USDT,Amp
ANKRBTC,ANKR,BTC,Ankr Network
ANKRTRY,ANKR,TRY,Ankr Network
ANKRUSDT,ANKR,USDT,Ankr Network
APEBTC,APE,BTC,Apetos
APETRY,APE,TRY,Apetos
APEUSDT,APE,USDT,Apetos
API3BTC,API3,BTC,Api3
API3TRY,API3,TRY,Api3
API3USDT,API3,USDT,Api3
APTBTC,APT,BTC,Aptos
APTETH,APT,ETH,Aptos
APTEUR,APT,EUR,Aptos
APTTRY,APT,TRY,Aptos
APTUSDT,APT,USDT,Aptos
ARBBTC,ARB,BTC,Osmosis allARB
ARBETH,ARB,ETH,Osmosis allARB
ARBEUR,ARB,EUR,Osmosis allARB
ARBFDUSD,ARB,FDUSD,Osmosis allARB
ARBTC,AR,BTC,Arweave
ARBTRY,ARB,TRY,Osmosis allARB
ARBTUSD,AR,BTUSD,Arweave
ARBUSDT,ARB,USDT,Osmosis allARB
ARDRBTC,ARDR,BTC,Ardor
ARDRUSDT,ARDR,USDT,Ardor
ARKMBNB,ARKM,BNB,Arkham
ARKMBTC,ARKM,BTC,Arkham
ARKMTRY,ARKM,TRY,Arkham
ARKMUSDT,ARKM,USDT,Arkham
ARKTRY,ARK,TRY,Ark
ARKUSDT,ARK,USDT,Ark
ARPABTC,ARPA,BTC,ARPA
ARPATRY,ARPA,TRY,ARPA
ARPAUSDT,ARPA,USDT,ARPA
ARUSDT,AR,USDT,Arweave
ASRTRY,ASR,TRY,AS Roma Fan Token
ASRUSDT,ASR,USDT,AS Roma Fan Token
ASTRBTC,ASTR,BTC,Astar
ASTRUSDT,ASTR,USDT,Astar
ATABTC,ATA,BTC,Automata
ATAUSDT,ATA,USDT,Automata
ATMTRY,ATM,TRY,Automatic Treasury Machine
ATMUSDT,ATM,USDT,Automatic Treasury Machine
ATOMBTC,ATOM,BTC,Cosmos
ATOMETH,ATOM,ETH,Cosmos
ATOMEUR,ATOM,EUR,Cosmos
ATOMFDUSD,ATOM,FDUSD,Cosmos
ATOMTRY,ATOM,TRY,Cosmos
ATOMUSDC,ATOM,USDC,Cosmos
ATOMUSDT,ATOM,USDT,Cosmos
AUCTIONBTC,AUCTION,BTC,Bounce
AUCTIONUSDT,AUCTION,USDT,Bounce
AUDIOBTC,AUDIO,BTC,Audius (Wormhole)
AUDIOTRY,AUDIO,TRY,Audius (Wormhole)
AUDIOUSDT,AUDIO,USDT,Audius (Wormhole)
AVABTC,AVA,BTC,AVA (Travala)
AVAUSDT,AVA,USDT,AVA (Travala)
AVAXBNB,AVAX,BNB,Avalanche
AVAXBRL,AVAX,BRL,Avalanche
AVAXBTC,AVAX,BTC,Avalanche
AVAXETH,AVAX,ETH,Avalanche
AVAXEUR,AVAX,EUR,Avalanche
AVAXFDUSD,AVAX,FDUSD,Avalanche
AVAXTRY,AVAX,TRY,Avalanche
AVAXUSDT,AVAX,USDT,Avalanche
AXSBNB,AXS,BNB,Axie Infinity
AXSBTC,AXS,BTC,Axie Infinity
AXSETH,AXS,ETH,Axie Infinity
AXSTRY,AXS,TRY,Axie Infinity
AXSUSDT,AXS,USDT,Axie Infinity
BAKEBTC,BAKE,BTC,BakerySwap
BAKEUSDT,BAKE,USDT,BakerySwap
BANDBTC,BAND,BTC,Band Protocol
BANDUSDT,BAND,USDT,Band Protocol
BARTRY,BAR,TRY,Gold Standard
BARUSDT,BAR,USDT,Gold Standard
BATBTC,BAT,BTC,Batic
BATUSDT,BAT,USDT,Batic
BCHBNB,BCH,BNB,Bitcoin Cash
BCHBTC,BCH,BTC,Bitcoin Cash
BCHEUR,BCH,EUR,Bitcoin Cash
BCHFDUSD,BCH,FDUSD,Bitcoin Cash
BCHTRY,BCH,TRY,Bitcoin Cash
BCHUSDC,BCH,USDC,Bitcoin Cash
BCHUSDT,BCH,USDT,Bitcoin Cash
BEAMXTRY,BEAMX,TRY,BeamX Token
BEAMXUSDT,BEAMX,USDT,BeamX Token
BELBTC,BEL,BTC,Bellscoin
BELTRY,BEL,TRY,Bellscoin
BELUSDT,BEL,USDT,Bellscoin
BICOBTC,BICO,BTC,Biconomy
BICOUSDT,BICO,USDT,Biconomy
BIFIUSDT,BIFI,USDT,Bitcoin File
BNBBRL,BN,BBRL,TNA Protocol
BNBBTC,BNB,BTC,BNB
BNBETH,BNB,ETH,BNB
BNBEUR,BNB,EUR,BNB
BNBFDUSD,BNB,FDUSD,BNB
BNBTRY,BNB,TRY,BNB
BNBTUSD,BN,BTUSD,TNA Protocol
BNBUSDC,BNB,USDC,BNB
BNBUSDT,BNB,USDT,BNB
BNTUSDT,BNT,USDT,Bancor Network
BSWTRY,BSW,TRY,Biswap
BSWUSDT,BSW,USDT,Biswap
BTCARS,BTC,ARS,Bitcoin
BTCBRL,B,TCBRL,BUILDon
BTCDAI,BTC,DAI,Bitcoin
BTCEUR,BTC,EUR,Bitcoin
BTCFDUSD,BTC,FDUSD,Bitcoin
BTCPLN,BTC,PLN,Bitcoin
BTCRON,BTC,RON,Bitcoin
BTCTRY,BTC,TRY,Bitcoin
BTCTUSD,BTC,TUSD,Bitcoin
BTCUAH,BTC,UAH,Bitcoin
BTCUSDC,BTC,USDC,Bitcoin
BTCUSDT,BTC,USDT,Bitcoin
BTCZAR,BTC,ZAR,Bitcoin
BTTCTRY,BTTC,TRY,BitTorrent Chain
BTTCUSDT,BTTC,USDT,BitTorrent Chain
C98USDT,C98,USDT,Coin98
CAKEBNB,CAKE,BNB,PancakeSwap
CAKEBTC,CAKE,BTC,PancakeSwap
CAKETRY,CAKE,TRY,PancakeSwap
CAKEUSDT,CAKE,USDT,PancakeSwap
CELOBTC,CELO,BTC,Celo (Wormhole)
CELOUSDT,CELO,USDT,Celo (Wormhole)
CELRUSDT,CELR,USDT,Celer Network
CFXBTC,CFX,BTC,Cosmic Force Token v2
CFXTRY,CFX,TRY,Cosmic Force Token v2
CFXUSDT,CFX,USDT,Cosmic Force Token v2
CHESSUSDT,CHESS,USDT,Tranchess
CHRBTC,CHR,BTC,Chronos Finance
CHRUSDT,CHR,USDT,Chronos Finance
CHZBNB,CHZ,BNB,Chiliz
CHZBTC,CHZ,BTC,Chiliz
CHZTRY,CHZ,TRY,Chiliz
CHZUSDT,CHZ,USDT,Chiliz
CITYTRY,CITY,TRY,Manchester City Fan Token
CITYUSDT,CITY,USDT,Manchester City Fan Token
CKBUSDT,CKB,USDT,Nervos Network
COMPBTC,COMP,BTC,Compound
COMPTRY,COMP,TRY,Compound
COMPUSDT,COMP,USDT,Compound
COSTRY,COS,TRY,Contentos
COSUSDT,COS,USDT,Contentos
COTIBTC,COTI,BTC,COTI
COTIUSDT,COTI,USDT,COTI
CRVBTC,CRV,BTC,Curve DAO
CRVUSDT,CRV,USDT,Curve DAO
CTKBNB,CTK,BNB,Shentu
CTKBTC,CTK,BTC,Shentu
CTKUSDT,CTK,USDT,Shentu
CTSIBTC,CTSI,BTC,Cartesi
CTSIUSDT,CTSI,USDT,Cartesi
CVCUSDT,CVC,USDT,Civic
CVXUSDT,CVX,USDT,Convex Finance
CYBERBNB,CYBER,BNB,Cyberpunk City
CYBERBTC,CYBER,BTC,Cyberpunk City
CYBERETH,CYBER,ETH,Cyberpunk City
CYBERFDUSD,CYBER,FDUSD,Cyberpunk City
CYBERTRY,CYBER,TRY,Cyberpunk City
CYBERUSDT,CYBER,USDT,Cyberpunk City
DASHBTC,DASH,BTC,Dash
DASHETH,DASH,ETH,Dash
DASHUSDT,DASH,USDT,Dash
DATABTC,DATA,BTC,Streamr
DATAUSDT,DATA,USDT,Streamr
DCRUSDT,DCR,USDT,Decred
DEGOUSDT,DEGO,USDT,Dego Finance
DENTETH,DENT,ETH,Dent
DENTTRY,DENT,TRY,Dent
DENTUSDT,DENT,USDT,Dent
DEXEUSDT,DEXE,USDT,DeXe
DFUSDT,DF,USDT,dForce
DGBUSDT,DGB,USDT,DigiByte
DIABTC,DIA,BTC,DIA
DIAUSDT,DIA,USDT,DIA
DODOBTC,DODO,BTC,Dodo the Black Swan
DODOUSDT,DODO,USDT,Dodo the Black Swan
DOGEBRL,DOGE,BRL,Dogecoin
DOGEBTC,DOGE,BTC,Dogecoin
DOGEEUR,DOGE,EUR,Dogecoin
DOGEFDUSD,DOGE,FDUSD,Dogecoin
DOGETRY,DOGE,TRY,Dogecoin
DOGETUSD,DOGE,TUSD,Dogecoin
DOGEUSDC,DOGE,USDC,Dogecoin
DOGEUSDT,DOGE,USDT,Dogecoin
DOTBNB,DOT,BNB,Polkadot
DOTBRL,DO,TBRL,DO Token
DOTBTC,DOT,BTC,Polkadot
DOTETH,DOT,ETH,Polkadot
DOTEUR,DOT,EUR,Polkadot
DOTFDUSD,DOT,FDUSD,Polkadot
DOTTRY,DOT,TRY,Polkadot
DOTUSDT,DOT,USDT,Polkadot
DUSKBTC,DUSK,BTC,DUSK
DUSKUSDT,DUSK,USDT,DUSK
DYDXBTC,DYDX,BTC,DYDX Chain
DYDXFDUSD,DYDX,FDUSD,DYDX Chain
DYDXUSDT,DYDX,USDT,DYDX Chain
EDUTRY,EDU,TRY,Open Campus
EDUUSDT,EDU,USDT,Open Campus
EGLDBNB,EGLD,BNB,MultiversX (Elrond)
EGLDBTC,EGLD,BTC,MultiversX (Elrond)
EGLDETH,EGLD,ETH,MultiversX (Elrond)
EGLDEUR,EGLD,EUR,MultiversX (Elrond)
EGLDFDUSD,EGLD,FDUSD,MultiversX (Elrond)
EGLDRON,EGLD,RON,MultiversX (Elrond)
EGLDUSDT,EGLD,USDT,MultiversX (Elrond)
ENJBTC,ENJ,BTC,Enjin Coin
ENJTRY,ENJ,TRY,Enjin Coin
ENJUSDT,ENJ,USDT,Enjin Coin
ENSBTC,ENS,BTC,Ethereum Name Service
ENSTRY,ENS,TRY,Ethereum Name Service
ENSUSDT,ENS,USDT,Ethereum Name Service
EOSBTC,EOS,BTC,EOS
EOSETH,EOS,ETH,EOS
EOSTRY,EOS,TRY,EOS
EOSUSDC,EOS,USDC,EOS
EOSUSDT,EOS,USDT,EOS
ETCBNB,ETC,BNB,Ethereum Classic
ETCBTC,ETC,BTC,Ethereum Classic
ETCETH,ETC,ETH,Ethereum Classic
ETCTRY,ETC,TRY,Ethereum Classic
ETCUSDT,ETC,USDT,Ethereum Classic
ETHBRL,ETH,BRL,Ethereum
ETHBTC,ETH,BTC,Ethereum
ETHDAI,ETH,DAI,Ethereum
ETHEUR,ETH,EUR,Ethereum
ETHFDUSD,ETH,FDUSD,Ethereum
ETHPLN,ETH,PLN,Ethereum
ETHTRY,ETH,TRY,Ethereum
ETHTUSD,ETH,TUSD,Ethereum
ETHUSDC,ETH,USDC,Ethereum
ETHUSDT,ETH,USDT,Ethereum
ETHZAR,ETH,ZAR,Ethereum
EURUSDT,EUR,USDT,Euro (Fiat)
FARMUSDT,FARM,USDT,TaxFarm.ing
FDUSDTRY,FDUSD,TRY,First Digital USD
FDUSDUSDT,FDUSD,USDT,First Digital USD
FETBNB,FET,BNB,Artificial Superintelligence Alliance
FETBTC,FET,BTC,Artificial Superintelligence Alliance
FETFDUSD,FET,FDUSD,Artificial Superintelligence Alliance
FETTRY,FET,TRY,Artificial Superintelligence Alliance
FETUSDT,FET,USDT,Artificial Superintelligence Alliance
FIDABTC,FIDA,BTC,Solana Name Service (prev. Bonfida)
FIDAUSDT,FIDA,USDT,Solana Name Service (prev. Bonfida)
FILBTC,FIL,BTC,Filecoin
FILETH,FIL,ETH,Filecoin
FILFDUSD,FIL,FDUSD,Filecoin
FILTRY,FIL,TRY,Filecoin
FILUSDT,FIL,USDT,Filecoin
FIOBTC,FIO,BTC,FIO Protocol
FIOUSDT,FIO,USDT,FIO Protocol
FISBTC,FIS,BTC,Stafi
FISUSDT,FIS,USDT,Stafi
FLMBTC,FLM,BTC,Flamingo Finance
FLMUSDT,FLM,USDT,Flamingo Finance
FLOKITRY,FLOKI,TRY,Flokiwifhat
FLOKIUSDT,FLOKI,USDT,Flokiwifhat
FLOWBTC,FLOW,BTC,Flow
FLOWUSDT,FLOW,USDT,Flow
FLUXBTC,FLUX,BTC,FLUX
FLUXUSDT,FLUX,USDT,FLUX
FORTHBTC,FORTH,BTC,Ampleforth Governance
FORTHUSDT,FORTH,USDT,Ampleforth Governance
FTTUSDT,FTT,USDT,FTX
FUNUSDT,FUN,USDT,terminal of fun
FXSUSDT,FXS,USDT,Frax Share
GALABRL,GAL,ABRL,GAL (migrated to Gravity - G)
GALABTC,GALA,BTC,GALA
GALAETH,GALA,ETH,GALA
GALAEUR,GALA,EUR,GALA
GALATRY,GALA,TRY,GALA
GALAUSDT,GALA,USDT,GALA
GASBTC,GAS,BTC,GASX
GASUSDT,GAS,USDT,GASX
GHSTUSDT,GHST,USDT,Aavegotchi
GLMBTC,GLM,BTC,Golem
GLMRBTC,GLMR,BTC,Moonbeam
GLMRUSDT,GLMR,USDT,Moonbeam
GLMUSDT,GLM,USDT,Golem
GMTBTC,GMT,BTC,GMT
GMTEUR,GMT,EUR,GMT
GMTTRY,GMT,TRY,GMT
GMTUSDT,GMT,USDT,GMT
GMXUSDT,GMX,USDT,GMX
GNOUSDT,GNO,USDT,Linea Bridged GNO (Linea)
GNSUSDT,GNS,USDT,Gains Network
GRTBTC,GRT,BTC,The Graph
GRTETH,GRT,ETH,The Graph
GRTEUR,GRT,EUR,The Graph
GRTTRY,GRT,TRY,The Graph
GRTUSDT,GRT,USDT,The Graph
GTCUSDT,GTC,USDT,Global Trust Coin
HBARBNB,HBAR,BNB,Hedera Hashgraph
HBARBTC,HBAR,BTC,Hedera Hashgraph
HBARUSDT,HBAR,USDT,Hedera Hashgraph
HFTBTC,HFT,BTC,Hashflow
HFTUSDT,HFT,USDT,Hashflow
HIFIUSDT,HIFI,USDT,Hifi Finance
HIGHUSDT,HIGH,USDT,Highstreet
HIVEBTC,HIVE,BTC,HIVE
HIVEUSDT,HIVE,USDT,HIVE
HOOKUSDT,HOOK,USDT,Hooked Protocol
HOTETH,HOT,ETH,Holo
HOTTRY,HOT,TRY,Holo
HOTUSDT,HOT,USDT,Holo
ICPBTC,ICP,BTC,Internet Computer
ICPETH,ICP,ETH,Internet Computer
ICPEUR,ICP,EUR,Internet Computer
ICPTRY,ICP,TRY,Internet Computer
ICPUSDT,ICP,USDT,Internet Computer
ICXBTC,ICX,BTC,ICON
ICXUSDT,ICX,USDT,ICON
IDBTC,ID,BTC,SPACE ID
IDEXUSDT,IDEX,USDT,IDEX
IDTRY,ID,TRY,SPACE ID
IDUSDT,ID,USDT,SPACE ID
ILVBTC,ILV,BTC,Illuvium
ILVUSDT,ILV,USDT,Illuvium
IMXBTC,IMX,BTC,Immutable
IMXUSDT,IMX,USDT,Immutable
INJBNB,INJ,BNB,Injective Protocol
INJBTC,INJ,BTC,Injective Protocol
INJETH,INJ,ETH,Injective Protocol
INJTRY,INJ,TRY,Injective Protocol
INJUSDT,INJ,USDT,Injective Protocol
IOSTUSDT,IOST,USDT,IOST
IOTABTC,IOTA,BTC,IOTA
IOTAETH,IOTA,ETH,IOTA
IOTAUSDT,IOTA,USDT,IOTA
IOTXBTC,IOTX,BTC,IoTeX
IOTXETH,IOTX,ETH,IoTeX
IOTXUSDT,IOTX,USDT,IoTeX
IQUSDT,IQ,USDT,IQ6900
JASMYTRY,JASMY,TRY,JasmyCoin
JASMYUSDT,JASMY,USDT,JasmyCoin
JOEBTC,JOE,BTC,Joe Coin
JOEUSDT,JOE,USDT,Joe Coin
JSTBTC,JST,BTC,JUST
JSTUSDT,JST,USDT,JUST
JUVTRY,JUV,TRY,Juventus Fan Token
JUVUSDT,JUV,USDT,Juventus Fan Token
KAVABTC,KAVA,BTC,Kava
KAVAUSDT,KAVA,USDT,Kava
KDABTC,KDA,BTC,Kadena
KDAUSDT,KDA,USDT,Kadena
KMDBTC,KMD,BTC,Komodo
KMDUSDT,KMD,USDT,Komodo
KNCBTC,KNC,BTC,Kyber Network Crystal
KNCUSDT,KNC,USDT,Kyber Network Crystal
KSMBTC,KSM,BTC,Kusama
KSMUSDT,KSM,USDT,Kusama
LAZIOTRY,LAZIO,TRY,Lazio Fan Token
LAZIOUSDT,LAZIO,USDT,Lazio Fan Token
LDOBTC,LDO,BTC,Linea Bridged LDO (Linea)
LDOUSDT,LDO,USDT,Linea Bridged LDO (Linea)
LEVERTRY,LEVER,TRY,LeverFi
LEVERUSDT,LEVER,USDT,LeverFi
LINKBNB,LINK,BNB,Osmosis allLINK
LINKBRL,LINK,BRL,Osmosis allLINK
LINKBTC,LINK,BTC,Osmosis allLINK
LINKETH,LINK,ETH,Osmosis allLINK
LINKEUR,LINK,EUR,Osmosis allLINK
LINKFDUSD,LINK,FDUSD,Osmosis allLINK
LINKTRY,LINK,TRY,Osmosis allLINK
LINKUSDC,LINK,USDC,Osmosis allLINK
LINKUSDT,LINK,USDT,Osmosis allLINK
LOKABTC,LOKA,BTC,League of Kingdoms
LOKAUSDT,LOKA,USDT,League of Kingdoms
LPTBNB,LPT,BNB,Livepeer
LPTBTC,LPT,BTC,Livepeer
LPTTRY,LPT,TRY,Livepeer
LPTUSDT,LPT,USDT,Livepeer
LQTYUSDT,LQTY,USDT,Liquity
LRCBTC,LRC,BTC,Loopring
LRCETH,LRC,ETH,Loopring
LRCTRY,LRC,TRY,Loopring
LRCUSDT,LRC,USDT,Loopring
LSKBTC,LSK,BTC,Lisk
LSKUSDT,LSK,USDT,Lisk
LTCBNB,LTC,BNB,Litecoin
LTCBRL,L,TCBRL,Take the L
LTCBTC,LTC,BTC,Litecoin
LTCETH,LTC,ETH,Litecoin
LTCEUR,LTC,EUR,Litecoin
LTCFDUSD,LTC,FDUSD,Litecoin
LTCTRY,LTC,TRY,Litecoin
LTCUSDC,LTC,USDC,Litecoin
LTCUSDT,LTC,USDT,Litecoin
LTOBTC,LTO,BTC,LTO Network
LTOUSDT,LTO,USDT,LTO Network
LUNATRY,LUNA,TRY,Luna Coin
LUNAUSDT,LUNA,USDT,Luna Coin
LUNCUSDT,LUNC,USDT,Terra Classic
MAGICBTC,MAGIC,BTC,Magnificent 7777
MAGICTRY,MAGIC,TRY,Magnificent 7777
MAGICUSDT,MAGIC,USDT,Magnificent 7777
MANABTC,MANA,BTC,Meme Anarchic Numismatic Asset
MANAETH,MANA,ETH,Meme Anarchic Numismatic Asset
MANATRY,MANA,TRY,Meme Anarchic Numismatic Asset
MANAUSDT,MANA,USDT,Meme Anarchic Numismatic Asset
MASKBNB,MASK,BNB,Wojak Mask
MASKUSDT,MASK,USDT,Wojak Mask
MAVBTC,MAV,BTC,Maverick Protocol
MAVTRY,MAV,TRY,Maverick Protocol
MAVUSDT,MAV,USDT,Maverick Protocol
MBLUSDT,MBL,USDT,MovieBloc
MBOXTRY,MBOX,TRY,Mobox
MBOXUSDT,MBOX,USDT,Mobox
MDTUSDT,MDT,USDT,Measurable Data
MEMEFDUSD,MEME,FDUSD,MPX6900
MEMETRY,MEME,TRY,MPX6900
MEMEUSDT,MEME,USDT,MPX6900
MINABTC,MINA,BTC,Mina Protocol
MINATRY,MINA,TRY,Mina Protocol
MINAUSDT,MINA,USDT,Mina Protocol
MKRBTC,MKR,BTC,Maker
MKRUSDT,MKR,USDT,Maker
MLNUSDT,MLN,USDT,Enzyme
MOVRBTC,MOVR,BTC,Moonriver
MOVRUSDT,MOVR,USDT,Moonriver
MTLBTC,MTL,BTC,Metal DAO
MTLUSDT,MTL,USDT,Metal DAO
NEARBNB,NEAR,BNB,Near Protocol
NEARBTC,NEAR,BTC,Near Protocol
NEARETH,NEAR,ETH,Near Protocol
NEAREUR,NEAR,EUR,Near Protocol
NEARFDUSD,NEAR,FDUSD,Near Protocol
NEARTRY,NEAR,TRY,Near Protocol
NEARUSDT,NEAR,USDT,Near Protocol
NEOBTC,NEO,BTC,NEO
NEOTRY,NEO,TRY,NEO
NEOUSDC,NEO,USDC,NEO
NEOUSDT,NEO,USDT,NEO
NEXOBTC,NEXO,BTC,NEXO
NEXOUSDT,NEXO,USDT,NEXO
NKNBTC,NKN,BTC,NKN
NKNUSDT,NKN,USDT,NKN
NMRBTC,NMR,BTC,Numeraire
NMRUSDT,NMR,USDT,Numeraire
NTRNBNB,NTRN,BNB,Neutron
NTRNUSDT,NTRN,USDT,Neutron
OGBTC,OG,BTC,OG Fan Token
OGNBTC,OGN,BTC,Origin Token
OGNTRY,OGN,TRY,Origin Token
OGNUSDT,OGN,USDT,Origin Token
OGTRY,OG,TRY,OG Fan Token
OGUSDT,OG,USDT,OG Fan Token
OMBTC,OM,BTC,MANTRA
OMUSDT,OM,USDT,MANTRA
ONEBTC,ONE,BTC,Harmony
ONETRY,ONE,TRY,Harmony
ONEUSDT,ONE,USDT,Harmony
ONGBTC,ONG,BTC,Ontology Gas
ONGUSDT,ONG,USDT,Ontology Gas
ONTBTC,ONT,BTC,Ontology
ONTTRY,ONT,TRY,Ontology
ONTUSDC,ONT,USDC,Ontology
ONTUSDT,ONT,USDT,Ontology
OPBTC,OP,BTC,Osmosis allOP
OPETH,OP,ETH,Osmosis allOP
OPEUR,OP,EUR,Osmosis allOP
OPFDUSD,OP,FDUSD,Osmosis allOP
OPTRY,OP,TRY,Osmosis allOP
OPUSDT,OP,USDT,Osmosis allOP
ORDIBTC,ORDI,BTC,ORDI
ORDIFDUSD,ORDI,FDUSD,ORDI
ORDITRY,ORDI,TRY,ORDI
ORDIUSDT,ORDI,USDT,ORDI
OSMOUSDT,OSMO,USDT,Osmosis
OXTBTC,OXT,BTC,Orchid Protocol
OXTUSDT,OXT,USDT,Orchid Protocol
PAXGBTC,PAXG,BTC,PAX Gold
PAXGTRY,PAXG,TRY,PAX Gold
PAXGUSDT,PAXG,USDT,PAX Gold
PENDLEBTC,PENDLE,BTC,Pendle
PENDLEUSDT,PENDLE,USDT,Pendle
PEOPLEBTC,PEOPLE,BTC,ConstitutionDAO (Wormhole)
PEOPLEUSDT,PEOPLE,USDT,ConstitutionDAO (Wormhole)
PEPETRY,PEPE,TRY,Pepe Community
PEPEUSDT,PEPE,USDT,Pepe Community
PERPUSDT,PERP,USDT,Perpetual Protocol
PHABTC,PHA,BTC,PHALA
PHAUSDT,PHA,USDT,PHALA
PHBBTC,PHB,BTC,Phoenix Global [OLD]
PHBUSDT,PHB,USDT,Phoenix Global [OLD]
PIVXBTC,PIVX,BTC,PIVX
PIVXUSDT,PIVX,USDT,PIVX
POLYXBTC,POLYX,BTC,Polymesh
POLYXUSDT,POLYX,USDT,Polymesh
PONDUSDT,POND,USDT,Marlin
PORTOTRY,PORTO,TRY,FC Porto
PORTOUSDT,PORTO,USDT,FC Porto
POWRBTC,POWR,BTC,Powerledger
POWRETH,POWR,ETH,Powerledger
POWRUSDT,POWR,USDT,Powerledger
PROMUSDT,PROM,USDT,Prom
PSGTRY,PSG,TRY,Paris Saint-Germain Fan Token
PSGUSDT,PSG,USDT,Paris Saint-Germain Fan Token
PUNDIXUSDT,PUNDIX,USDT,Pundi X
PYRBTC,PYR,BTC,Vulcan Forged
PYRUSDT,PYR,USDT,Vulcan Forged
QIUSDT,QI,USDT,QiSwap
QKCUSDT,QKC,USDT,QuarkChain
QNTBTC,QNT,BTC,Quant
QNTUSDT,QNT,USDT,Quant
QTUMBTC,QTUM,BTC,Qtum
QTUMETH,QTUM,ETH,Qtum
QTUMUSDT,QTUM,USDT,Qtum
QUICKUSDT,QUICK,USDT,Quickswap
RADTRY,RAD,TRY,Radworks
RADUSDT,RAD,USDT,Radworks
RAREBTC,RARE,BTC,Unique One
RAREUSDT,RARE,USDT,Unique One
RAYUSDT,RAY,USDT,Raydium
RDNTUSDT,RDNT,USDT,Radiant Capital
REIUSDT,REI,USDT,REI Network
REQBTC,REQ,BTC,Request
REQUSDT,REQ,USDT,Request
RIFBTC,RIF,BTC,Rootstock Infrastructure Framework
RIFUSDT,RIF,USDT,Rootstock Infrastructure Framework
RLCBTC,RLC,BTC,iExec RLC
RLCETH,RLC,ETH,iExec RLC
RLCUSDT,RLC,USDT,iExec RLC
ROSEBTC,ROSE,BTC,Oasis Network
ROSETRY,ROSE,TRY,Oasis Network
ROSEUSDT,ROSE,USDT,Oasis Network
RPLUSDT,RPL,USDT,Rocket Pool
RSRUSDT,RSR,USDT,Reserve Rights
RUNEBTC,RUNE,BTC,THORChain
RUNEETH,RUNE,ETH,THORChain
RUNEFDUSD,RUNE,FDUSD,THORChain
RUNEUSDT,RUNE,USDT,THORChain
RVNBTC,RVN,BTC,Ravencoin
RVNTRY,RVN,TRY,Ravencoin
RVNUSDT,RVN,USDT,Ravencoin
SANDBTC,SAND,BTC,The Sandbox (Wormhole)
SANDTRY,SAND,TRY,The Sandbox (Wormhole)
SANDUSDT,SAND,USDT,The Sandbox (Wormhole)
SANTOSBTC,SANTOS,BTC,Santos FC Fan Token
SANTOSTRY,SANTOS,TRY,Santos FC Fan Token
SANTOSUSDT,SANTOS,USDT,Santos FC Fan Token
SCETH,SC,ETH,Siacoin
SCRTBTC,SCRT,BTC,Secret
SCRTUSDT,SCRT,USDT,Secret
SCUSDT,SC,USDT,Siacoin
SEIBNB,SEI,BNB,Sei
SEIBTC,SEI,BTC,Sei
SEIFDUSD,SEI,FDUSD,Sei
SEITRY,SEI,TRY,Sei
SEIUSDT,SEI,USDT,Sei
SFPBTC,SFP,BTC,SafePal
SFPUSDT,SFP,USDT,SafePal
SHIBBRL,SHI,BBRL,Shirtum
SHIBDOGE,SHIBDOGE,,ShibaDoge
SHIBEUR,SHIB,EUR,Strategic Hub for Innovation in Blockchain
SHIBTRY,SHIB,TRY,Strategic Hub for Innovation in Blockchain
SHIBUSDT,SHIB,USDT,Strategic Hub for Innovation in Blockchain
SKLBTC,SKL,BTC,SKALE
SKLUSDT,SKL,USDT,SKALE
SLPETH,SLP,ETH,Smooth Love Potion
SLPTRY,SLP,TRY,Smooth Love Potion
SLPUSDT,SLP,USDT,Smooth Love Potion
SNXBTC,SNX,BTC,Synthetix Network
SNXUSDT,SNX,USDT,Synthetix Network
SOLBNB,SOL,BNB,Solana
SOLBRL,SOL,BRL,Solana
SOLBTC,SOL,BTC,Solana
SOLETH,SOL,ETH,Solana
SOLEUR,SOL,EUR,Solana
SOLFDUSD,SOL,FDUSD,Solana
SOLTRY,SOL,TRY,Solana
SOLTUSD,SOL,TUSD,Solana
SOLUSDC,SOL,USDC,Solana
SOLUSDT,SOL,USDT,Solana
SPELLTRY,SPELL,TRY,The Spellcaster
SPELLUSDT,SPELL,USDT,The Spellcaster
SSVBTC,SSV,BTC,SSV Network
SSVETH,SSV,ETH,SSV Network
SSVUSDT,SSV,USDT,SSV Network
STEEMBTC,STEEM,BTC,Steem
STEEMETH,STEEM,ETH,Steem
STEEMUSDT,STEEM,USDT,Steem
STGBTC,STG,BTC,Stargate Finance
STGUSDT,STG,USDT,Stargate Finance
STORJBTC,STORJ,BTC,Storj
STORJTRY,STORJ,TRY,Storj
STORJUSDT,STORJ,USDT,Storj
STPTBTC,STPT,BTC,Standard Tokenization Protocol
STPTUSDT,STPT,USDT,Standard Tokenization Protocol
STRAXBTC,STRAX,BTC,Stratis
STRAXTRY,STRAX,TRY,Stratis
STRAXUSDT,STRAX,USDT,Stratis
STXBNB,STX,BNB,Stacks
STXBTC,STX,BTC,Stacks
STXTRY,STX,TRY,Stacks
STXUSDT,STX,USDT,Stacks
SUIBNB,SUI,BNB,Sui
SUIBTC,SUI,BTC,Sui
SUIEUR,SUI,EUR,Sui
SUIFDUSD,SUI,FDUSD,Sui
SUITRY,SUI,TRY,Sui
SUIUSDT,SUI,USDT,Sui
SUNUSDT,SUN,USDT,Sun Token
SUPERBTC,SUPER,BTC,SuperVerse
SUPERUSDT,SUPER,USDT,SuperVerse
SUSHIBTC,SUSHI,BTC,Sushi
SUSHIUSDT,SUSHI,USDT,Sushi
SXPBTC,SXP,BTC,Solar
SXPTRY,SXP,TRY,Solar
SXPUSDT,SXP,USDT,Solar
SYNUSDT,SYN,USDT,Syn Dog
SYSBTC,SYS,BTC,Syscoin
SYSUSDT,SYS,USDT,Syscoin
TFUELBTC,TFUEL,BTC,Theta Fuel
TFUELUSDT,TFUEL,USDT,Theta Fuel
THETABTC,THETA,BTC,THETA
THETAUSDT,THETA,USDT,THETA
TIABTC,TIA,BTC,Celestia
TIATRY,TIA,TRY,Celestia
TIAUSDT,TIA,USDT,Celestia
TKOUSDT,TKO,USDT,Tokocrypto
TLMTRY,TLM,TRY,Alien Worlds
TLMUSDT,TLM,USDT,Alien Worlds
TRBBTC,TRB,BTC,Tellor Tributes
TRBTRY,TRB,TRY,Tellor Tributes
TRBUSDT,TRB,USDT,Tellor Tributes
TRUBTC,TRU,BTC,TrueFi
TRUUSDT,TRU,USDT,TrueFi
TRXBNB,TRX,BNB,TRON
TRXBTC,TRX,BTC,TRON
TRXETH,TRX,ETH,TRON
TRXEUR,TRX,EUR,TRON
TRXTRY,TRX,TRY,TRON
TRXUSDC,TRX,USDC,TRON
TRXUSDT,TRX,USDT,TRON
TRXXRP,TRX,XRP,TRON
TUSDT,T,USDT,Threshold Network
TUSDUSDT,TUSD,USDT,TrueUSD
TWTTRY,TWT,TRY,Trust Wallet
TWTUSDT,TWT,USDT,Trust Wallet
UMABTC,UMA,BTC,UMA
UMATRY,UMA,TRY,UMA
UMAUSDT,UMA,USDT,UMA
UNIBTC,UNI,BTC,Uniswap (Wormhole)
UNIETH,UNI,ETH,Uniswap (Wormhole)
UNITRY,UNI,TRY,Uniswap (Wormhole)
UNIUSDT,UNI,USDT,Uniswap (Wormhole)
USDCUSDT,USDC,USDT,zkSync Bridged USDC (zkSync)
USDPUSDT,USDP,USDT,Pax Dollar
USDTARS,USDT,ARS,Zircuit Bridged USDT (Zircuit)
USDTBRL,USD,TBRL,US Dollar (Fiat)
USDTDAI,USDT,DAI,Zircuit Bridged USDT (Zircuit)
USDTPLN,USDT,PLN,Zircuit Bridged USDT (Zircuit)
USDTTRY,USDT,TRY,Zircuit Bridged USDT (Zircuit)
USDTUAH,USDT,UAH,Zircuit Bridged USDT (Zircuit)
USDTZAR,USDT,ZAR,Zircuit Bridged USDT (Zircuit)
USTCUSDT,USTC,USDT,Wrapped USTC
UTKUSDT,UTK,USDT,xMoney
VETBNB,VET,BNB,VeChain
VETBTC,VET,BTC,VeChain
VETETH,VET,ETH,VeChain
VETEUR,VET,EUR,VeChain
VETTRY,VET,TRY,VeChain
VETUSDT,VET,USDT,VeChain
VIBUSDT,VIB,USDT,Viberate
VOXELUSDT,VOXEL,USDT,Voxies
VTHOUSDT,VTHO,USDT,VeThor
WANBTC,WAN,BTC,Wanchain
WANUSDT,WAN,USDT,Wanchain
WAXPBTC,WAXP,BTC,WAX
WAXPUSDT,WAXP,USDT,WAX
WBETHETH,WBETH,ETH,Wrapped Beacon ETH
WBETHUSDT,WBETH,USDT,Wrapped Beacon ETH
WBTCBTC,WBTC,BTC,zkSync Bridged WBTC (zkSync)
WBTCETH,WBTC,ETH,zkSync Bridged WBTC (zkSync)
WBTCUSDT,WBTC,USDT,zkSync Bridged WBTC (zkSync)
WINEUR,WIN,EUR,WINkLink BSC
WINGUSDT,WING,USDT,Wing Finance
WINTRX,WIN,TRX,WINkLink BSC
WINUSDT,WIN,USDT,WINkLink BSC
WLDBTC,WLD,BTC,Worldcoin
WLDTRY,WLD,TRY,Worldcoin
WLDUSDT,WLD,USDT,Worldcoin
WOOUSDT,WOO,USDT,WOO
XECTRY,XEC,TRY,eCash
XECUSDT,XEC,USDT,eCash
XLMBTC,XLM,BTC,Stellar
XLMETH,XLM,ETH,Stellar
XLMEUR,XLM,EUR,Stellar
XLMTRY,XLM,TRY,Stellar
XLMUSDC,XLM,USDC,Stellar
XLMUSDT,XLM,USDT,Stellar
XNOBTC,XNO,BTC,Nano
XNOUSDT,XNO,USDT,Nano
XRPBNB,XRP,BNB,XRP
XRPBRL,XRP,BRL,XRP
XRPBTC,XRP,BTC,XRP
XRPETH,XRP,ETH,XRP
XRPEUR,XRP,EUR,XRP
XRPFDUSD,XRP,FDUSD,XRP
XRPTRY,XRP,TRY,XRP
XRPTUSD,XRP,TUSD,XRP
XRPUSDC,XRP,USDC,XRP
XRPUSDT,XRP,USDT,XRP
XTZBTC,XTZ,BTC,Tezos
XTZUSDT,XTZ,USDT,Tezos
XVGETH,XVG,ETH,Verge
XVGTRY,XVG,TRY,Verge
XVGUSDT,XVG,USDT,Verge
XVSBNB,XVS,BNB,Venus
XVSBTC,XVS,BTC,Venus
XVSTRY,XVS,TRY,Venus
XVSUSDT,XVS,USDT,Venus
YFIBTC,YFI,BTC,yearn.finance
YFIUSDT,YFI,USDT,yearn.finance
YGGBTC,YGG,BTC,Yield Guild Games
YGGUSDT,YGG,USDT,Yield Guild Games
ZECBTC,ZEC,BTC,Zcash
ZECETH,ZEC,ETH,Zcash
ZECUSDT,ZEC,USDT,Zcash
ZENBTC,ZEN,BTC,Horizen
ZENUSDT,ZEN,USDT,Horizen
ZILBTC,ZIL,BTC,Zilliqa
ZILETH,ZIL,ETH,Zilliqa
ZILTRY,ZIL,TRY,Zilliqa
ZILUSDT,ZIL,USDT,Zilliqa
ZRXBTC,ZRX,BTC,0x Protocol
ZRXUSDT,ZRX,USDT,0x Protocol
